strategy,customers_contacted,contact_rate,expected_net_value,expected_net_value_per_contact,profitable,effect_multiplier,contact_cost_multiplier
expected_value,0,0.0,0.0,0.0,False,0.5,0.5
expected_value,0,0.0,0.0,0.0,False,0.5,1.0
expected_value,0,0.0,0.0,0.0,False,0.5,1.5
expected_value,0,0.0,0.0,0.0,False,1.0,0.5
expected_value,0,0.0,0.0,0.0,False,1.0,1.0
expected_value,0,0.0,0.0,0.0,False,1.0,1.5
expected_value,0,0.0,0.0,0.0,False,1.5,0.5
expected_value,0,0.0,0.0,0.0,False,1.5,1.0
expected_value,0,0.0,0.0,0.0,False,1.5,1.5
