covariate,treated_mean,control_mean,standardized_mean_difference
account_funded,1.0,1.0,0.0
onboarding_completed,1.0,1.0,0.0
acquisition_channel_organic,0.3864548226608891,0.397007561538049,-0.021619073749839852
acquisition_channel_paid,0.2460814208527256,0.245240521263474,0.0019533557490786333
acquisition_channel_partner,0.14486706253677847,0.13701935968252266,0.022554100766324216
acquisition_channel_referral,0.2225966939496068,0.2207325575159543,0.004487821517140985
initial_segment_builder,0.29572567271171024,0.29388105325253394,0.004045523331289688
initial_segment_everyday,0.47151340073824427,0.4732128492518904,-0.00340401485292238
initial_segment_starter,0.23276092655004546,0.2329060974955757,-0.000343479264735964
